{"cameraMode":{"drawMode":0,"name":"Shaded","section":"Shading Mode"},"sceneLighting":false,"audioPlay":false,"sceneViewState":{"m_AlwaysRefresh":false,"showFog":true,"showSkybox":false,"showFlares":true,"showImageEffects":true,"showParticleSystems":true,"showVisualEffectGraphs":true,"m_FxEnabled":true},"in2DMode":false,"pivot":{"x":-2.114000082015991,"y":0.014000000432133675,"z":-1.3619999885559083},"rotation":{"x":0.1650792956352234,"y":-0.8165717720985413,"z":0.47494208812713625,"w":0.28377604484558108},"size":1.4548712968826295,"orthographic":false}