{"cameraMode":{"drawMode":0,"name":"Shaded","section":"Shading Mode"},"sceneLighting":false,"audioPlay":false,"sceneViewState":{"m_AlwaysRefresh":false,"showFog":true,"showSkybox":false,"showFlares":true,"showImageEffects":true,"showParticleSystems":true,"showVisualEffectGraphs":true,"m_FxEnabled":true},"in2DMode":false,"pivot":{"x":-0.050252676010131839,"y":0.8847362995147705,"z":0.0031846165657043459},"rotation":{"x":-0.018477443605661393,"y":0.9789767861366272,"z":-0.10347863286733628,"w":-0.17480750381946565},"size":0.7520515322685242,"orthographic":false}